Name of fjord,Length (km/mi),County,Municipality,Coordinates
Adventfjorden,4 km (2.5 mi),Svalbard,Spitsbergen,".mw-parser-output .geo-default,.mw-parser-output .geo-dms,.mw-parser-output .geo-dec{display:inline}.mw-parser-output .geo-nondefault,.mw-parser-output .geo-multi-punct{display:none}.mw-parser-output .longitude,.mw-parser-output .latitude{white-space:nowrap}78°15′31″N 15°33′13″E﻿ / ﻿78.2585°N 15.5535°E"
Altafjorden,38 km (24 mi),Finnmark,Alta,69°59′24″N 23°19′27″E﻿ / ﻿69.990°N 23.3242°E
Arasvikfjord,12 km (7.5 mi),Møre og Romsdal,"Aure, Halsa",63°09′02″N 8°25′07″E﻿ / ﻿63.1505°N 8.4186°E
Astafjorden,30 km (19 mi),Troms,Skånland,68°47′15″N 17°14′40″E﻿ / ﻿68.7875°N 17.2445°E
Austefjorden,11 km (6.8 mi),Møre og Romsdal,Volda,62°05′07″N 6°09′01″E﻿ / ﻿62.0853°N 6.1504°E
"Austfjorden, Hordaland",20 km (12 mi),Hordaland,"Lindås, Masfjorden",60°43′22″N 5°21′54″E﻿ / ﻿60.7227°N 5.3651°E
"Austfjorden, Svalbard",32 km (20 mi),Svalbard,Spitsbergen,79°03′50″N 16°09′28″E﻿ / ﻿79.0638°N 16.1578°E
Badderfjord,5 km (3.1 mi),Troms,Kvænangen,69°51′12″N 21°58′19″E﻿ / ﻿69.8533°N 21.9720°E
Balsfjorden,57 km (35 mi),Troms,"Balsfjord, Tromsø",69°18′40″N 19°20′47″E﻿ / ﻿69.3112°N 19.3464°E
Batnfjord,10 km (6.2 mi),Møre og Romsdal,Gjemnes,62°54′23″N 7°42′06″E﻿ / ﻿62.9064°N 7.7016°E
Beitstadfjorden,28 km (17 mi),Trøndelag,"Inderøy, Steinkjer, Verran",63°56′03″N 11°06′28″E﻿ / ﻿63.9342°N 11.1079°E
Bindalsfjorden,26 km (16 mi),Nordland,Bindal,65°12′25″N 12°08′01″E﻿ / ﻿65.2070°N 12.1336°E
Billefjorden,30 km (19 mi),Svalbard,Spitsbergen,78°31′49″N 16°18′25″E﻿ / ﻿78.5304°N 16.3070°E
Bjugnfjorden,14 km (8.7 mi),Trøndelag,"Bjugn, Ørland",63°44′36″N 9°34′43″E﻿ / ﻿63.7434°N 9.5786°E
Bjørnafjorden,32 km (20 mi),Hordaland,"Austevoll, Fusa, Os, Tysnes",60°05′56″N 5°23′06″E﻿ / ﻿60.0989°N 5.3851°E
Boknafjord,94 km (58 mi),Rogaland,"Kvitsøy, Rennesøy, Finnøy, Tysvær, Bokn, Karmøy",59°07′09″N 5°24′22″E﻿ / ﻿59.1193°N 5.4061°E
Breviksfjord,5 km (3.1 mi),Telemark,"Bamble, Porsgrunn",59°01′45″N 9°44′06″E﻿ / ﻿59.0293°N 9.7351°E
Bunnefjorden,17 km (11 mi),"Akershus, Oslo","Frogn, Nesodden, Oppegård, Oslo, Ås",59°44′41″N 10°43′20″E﻿ / ﻿59.7446°N 10.7221°E
"Byfjorden, Hordaland",14 km (8.7 mi),Hordaland,"Askøy, Bergen",60°25′24″N 5°16′06″E﻿ / ﻿60.4233°N 5.2682°E
"Byfjorden, Rogaland",10 km (6.2 mi),Rogaland,"Randaberg, Rennesøy, Stavanger",58°59′47″N 5°41′35″E﻿ / ﻿58.9964°N 5.6931°E
Bøkfjord,22 km (14 mi),Finnmark,Sør-Varanger,69°44′34″N 30°03′08″E﻿ / ﻿69.7429°N 30.0521°E
Bømlafjorden,31 km (19 mi),Hordaland,"Bømlo, Stord, Sveio",59°37′49″N 5°18′06″E﻿ / ﻿59.6303°N 5.3016°E
"Dalsfjorden, Møre og Romsdal",17 km (11 mi),Møre og Romsdal,Volda,62°05′28″N 5°55′53″E﻿ / ﻿62.0912°N 5.9314°E
"Dalsfjorden, Sogn og Fjordane",40 km (25 mi),Sogn og Fjordane,"Askvoll, Fjaler, Gaular",61°21′08″N 5°12′29″E﻿ / ﻿61.3523°N 5.2081°E
Dicksonfjorden,30 km (19 mi),Svalbard,Spitsbergen,78°38′29″N 15°19′47″E﻿ / ﻿78.6413°N 15.3296°E
Drammensfjord,30 km (19 mi),"Buskerud, Vestfold","Drammen, Hurum, Lier, Røyken, Svelvik",59°42′18″N 10°18′48″E﻿ / ﻿59.7051°N 10.3133°E
Duvefjorden,35 km (22 mi),Svalbard,Nordaustlandet,80°22′02″N 23°39′58″E﻿ / ﻿80.3672°N 23.6661°E
Edøyfjorden,26 km (16 mi),Møre og Romsdal,"Smøla, Aure",63°18′23″N 8°14′09″E﻿ / ﻿63.3064°N 8.2357°E
Eidangerfjord,6 km (3.7 mi),Telemark,Porsgrunn,59°04′19″N 9°42′27″E﻿ / ﻿59.0719°N 9.7074°E
Eidsfjorden,30 km (19 mi),Nordland,Sortland,68°36′18″N 14°39′53″E﻿ / ﻿68.6050°N 14.6646°E
Ekmanfjorden,18 km (11 mi),Svalbard,Spitsbergen,78°39′44″N 14°37′00″E﻿ / ﻿78.6623°N 14.6167°E
Eresfjorden,10 km (6.2 mi),Møre og Romsdal,Nesset,62°43′48″N 8°03′51″E﻿ / ﻿62.7300°N 8.0641°E
Erfjorden,16 km (9.9 mi),Rogaland,"Hjelmeland, Suldal",59°18′38″N 6°10′31″E﻿ / ﻿59.3106°N 6.1753°E
Esefjorden,4 km (2.5 mi),Sogn og Fjordane,Balestrand,61°13′01″N 6°30′31″E﻿ / ﻿61.2169°N 6.5085°E
Etnefjorden,8.5 km (5.3 mi),Hordaland,Etne,59°38′49″N 5°49′24″E﻿ / ﻿59.647°N 5.8232°E
Fanafjorden,8.5 km (5.3 mi),Hordaland,Bergen,60°15′18″N 5°18′47″E﻿ / ﻿60.2551°N 5.3131°E
Fannefjord,20 km (12 mi),Møre og Romsdal,Molde,62°44′28″N 7°18′13″E﻿ / ﻿62.7410°N 7.3036°E
Finnøyfjord,14 km (8.7 mi),Rogaland,Finnøy,59°08′30″N 5°52′53″E﻿ / ﻿59.1417°N 5.8813°E
Fisterfjord,11 km (6.8 mi),Rogaland,"Finnøy, Hjelmeland",59°09′54″N 6°01′22″E﻿ / ﻿59.1651°N 6.0227°E
Fognafjord,18 km (11 mi),Rogaland,"Finnøy, Strand",59°07′25″N 5°56′05″E﻿ / ﻿59.1235°N 5.9347°E
"Folda, Nordland",18 km (11 mi),Nordland,"Bodø, Steigen",67°35′21″N 14°53′40″E﻿ / ﻿67.5893°N 14.8944°E
"Folda, Nord-Trøndelag",75 km (47 mi),Trøndelag,"Flatanger, Fosnes, Namsos, Nærøy",64°40′54″N 11°05′51″E﻿ / ﻿64.6817°N 11.0976°E
Forfjord,6.5 km (4.0 mi),Nordland,"Andøy, Sortland",68°50′04″N 15°34′27″E﻿ / ﻿68.8344°N 15.5742°E
Fossingfjord,3 km (1.9 mi),Telemark,"Bamble, Kragerø",68°50′04″N 15°34′27″E﻿ / ﻿68.8344°N 15.5742°E
Freifjorden,14 km (8.7 mi),Møre og Romsdal,"Gjemnes, Kristiansund, Tingvoll",63°02′48″N 7°53′10″E﻿ / ﻿63.0466°N 7.8862°E
Frierfjord,14 km (8.7 mi),Telemark,"Bamble, Skien, Porsgrunn",59°05′57″N 9°37′06″E﻿ / ﻿59.0993°N 9.6184°E
Frænfjorden,12 km (7.5 mi),Møre og Romsdal,Fræna,62°49′51″N 7°00′04″E﻿ / ﻿62.8308°N 7.0012°E
Frøyfjorden,25 km (16 mi),Trøndelag,"Frøya, Hitra",63°37′48″N 8°24′27″E﻿ / ﻿63.6301°N 8.4074°E
Fusafjorden,12 km (7.5 mi),Hordaland,"Fusa, Os",60°13′21″N 5°33′57″E﻿ / ﻿60.2225°N 5.5658°E
Fættenfjord,2 km (1.2 mi),Trøndelag,"Levanger, Stjørdal",63°33′33″N 10°55′31″E﻿ / ﻿63.5593°N 10.9252°E
Førdefjorden,36 km (22 mi),Sogn og Fjordane,"Askvoll, Førde, Flora, Naustdal",61°28′56″N 5°18′31″E﻿ / ﻿61.4823°N 5.3086°E
Gandsfjord,15 km (9.3 mi),Rogaland,"Sandnes, Stavanger",58°53′25″N 5°45′47″E﻿ / ﻿58.8902°N 5.7630°E
Gapafjord,6 km (3.7 mi),Rogaland,Finnøy,59°15′52″N 5°54′28″E﻿ / ﻿59.2645°N 5.9078°E
Gardssundfjord,32 km (20 mi),Rogaland,"Finnøy, Hjelmeland",59°13′45″N 6°01′53″E﻿ / ﻿59.2292°N 6.0313°E
Geirangerfjord,15 km (9.3 mi),Møre og Romsdal,Stranda,62°07′16″N 7°07′44″E﻿ / ﻿62.1210°N 7.1290°E
Gratangen,20 km (12 mi),Troms,Gratangen,68°43′54″N 17°22′11″E﻿ / ﻿68.7317°N 17.3697°E
Grimstadfjord,5.5 km (3.4 mi),Hordaland,Bergen,60°19′22″N 5°12′41″E﻿ / ﻿60.3228°N 5.2115°E
Grindafjord,11 km (6.8 mi),Rogaland,"Tysvær, Vindafjord",59°26′26″N 5°28′48″E﻿ / ﻿59.4405°N 5.4800°E
Grønfjorden,16 km (9.9 mi),Svalbard,Spitsbergen,78°01′58″N 14°11′19″E﻿ / ﻿78.0328°N 14.1886°E
Gullesfjorden,35 km (22 mi),Troms,Kvæfjord,68°41′29″N 15°59′36″E﻿ / ﻿68.6913°N 15.9933°E
Gunneklevfjord,2 km (1.2 mi),Telemark,Porsgrunn,59°07′20″N 9°38′21″E﻿ / ﻿59.1223°N 9.6393°E
Hadselfjord,40 km (25 mi),Nordland,"Hadsel, Sortland",68°28′22″N 14°45′56″E﻿ / ﻿68.4729°N 14.7655°E
Halsafjord,15 km (9.3 mi),Møre og Romsdal,"Surnadal, Tingvoll",63°06′57″N 8°08′46″E﻿ / ﻿63.1158°N 8.1461°E
Hamnesfjord,9 km (5.6 mi),Møre og Romsdal,Surnadal,62°58′48″N 8°27′08″E﻿ / ﻿62.9800°N 8.4521°E
Hardangerfjord,179 km (111 mi),Hordaland,Bømlo—Odda,59°48′34″N 5°36′05″E﻿ / ﻿59.8095°N 5.6015°E
Hellemofjorden,29 km (18 mi),Nordland,Tysfjord,67°58′48″N 16°14′15″E﻿ / ﻿67.9800°N 16.2376°E
Hemnfjorden,25 km (16 mi),Trøndelag,"Hemne, Snillfjord",63°27′04″N 9°05′59″E﻿ / ﻿63.4512°N 9.0998°E
Herdlefjord,20 km (12 mi),Hordaland,"Askøy, Meland",60°29′40″N 5°12′57″E﻿ / ﻿60.4944°N 5.2159°E
Herjangsfjord,10 km (6.2 mi),Nordland,Narvik,68°27′53″N 17°21′41″E﻿ / ﻿68.4648°N 17.3615°E
Hervikfjord,38 km (24 mi),Rogaland,"Tysvær, Vindafjord",59°17′13″N 5°36′23″E﻿ / ﻿59.2870°N 5.6063°E
Herøyfjord,8 km (5.0 mi),Møre og Romsdal,Herøy,62°18′04″N 5°29′23″E﻿ / ﻿62.3012°N 5.4897°E
Hidlefjord,13 km (8.1 mi),Rogaland,"Rennesøy, Stavanger, Strand",59°03′33″N 5°47′41″E﻿ / ﻿59.0591°N 5.7946°E
Hjeltefjorden,46 km (29 mi),Hordaland,"Askøy, Fedje, Fjell, Radøy, Øygarden",60°26′33″N 5°01′35″E﻿ / ﻿60.4425°N 5.0264°E
Hjørundfjorden,35 km (22 mi),Møre og Romsdal,"Sykkylven, Ørsta",62°12′40″N 6°30′52″E﻿ / ﻿62.2111°N 6.5145°E
Hornsund,30 km (19 mi),Svalbard,Spitsbergen,76°58′20″N 15°43′05″E﻿ / ﻿76.9722°N 15.7181°E
Hyllestadfjorden,4 km (2.5 mi),Sogn og Fjordane,Hyllestad,61°10′39″N 5°15′40″E﻿ / ﻿61.1774°N 5.2612°E
Hylsfjord,20 km (12 mi),Rogaland,Suldal,59°31′43″N 6°22′05″E﻿ / ﻿59.5287°N 6.3681°E
Høgsfjorden,23 km (14 mi),Rogaland,"Forsand, Gjesdal, Sandnes",58°59′38″N 5°48′58″E﻿ / ﻿58.9938°N 5.8162°E
Høyangsfjorden,8 km (5.0 mi),Sogn og Fjordane,Høyanger,61°11′10″N 6°02′43″E﻿ / ﻿61.1861°N 6.0452°E
Håsteinsfjord,10 km (6.2 mi),Rogaland,"Kvitsøy, Randaberg, Sola",58°58′05″N 5°24′51″E﻿ / ﻿58.9681°N 5.4141°E
Iddefjord,17 km (11 mi),Østfold,Halden,58°59′36″N 11°27′34″E﻿ / ﻿58.9934°N 11.4595°E
Idsefjord,12 km (7.5 mi),Rogaland,Strand,58°59′35″N 5°57′30″E﻿ / ﻿58.9931°N 5.9582°E
Indre Oslofjord,30 km (19 mi),"Akershus, Buskerud, Oslo, Østfold",Hurum—Oslo,59°51′05″N 10°35′19″E﻿ / ﻿59.8514°N 10.5887°E
Innværfjorden,3.5 km (2.2 mi),Hordaland,Bømlo,59°48′09″N 5°15′45″E﻿ / ﻿59.8024°N 5.2624°E
"Isfjorden, Møre og Romsdal",6.5 km (4.0 mi),Møre og Romsdal,Rauma,62°34′37″N 7°43′42″E﻿ / ﻿62.5769°N 7.7282°E
"Isfjorden, Svalbard",107 km (66 mi),Svalbard,Spitsbergen,78°14′58″N 14°46′49″E﻿ / ﻿78.2494°N 14.7804°E
Jarfjorden,21 km (13 mi),Finnmark,Sør-Varanger,69°41′00″N 30°25′34″E﻿ / ﻿69.683458°N 30.426230°E
Jelsafjord,10 km (6.2 mi),Rogaland,"Finnøy, Hjelmeland, Suldal, Tysvær",59°18′59″N 6°00′18″E﻿ / ﻿59.3163°N 6.0051°E
Jøsenfjorden,24 km (15 mi),Rogaland,Hjelmeland,59°15′51″N 6°11′27″E﻿ / ﻿59.2642°N 6.1907°E
Jøssingfjorden,2.5 km (1.6 mi),Rogaland,Sokndal,58°19′10″N 6°20′25″E﻿ / ﻿58.3194°N 6.3402°E
Kaldfjord,16 km (9.9 mi),Troms,Tromsø,69°46′10″N 18°40′56″E﻿ / ﻿69.7694°N 18.6821°E
Kaldvågfjorden,16 km (9.9 mi),Nordland,Hamarøy,68°02′16″N 15°39′32″E﻿ / ﻿68.0378°N 15.6589°E
"Kilsfjord, Møre og Romsdal",3 km (1.9 mi),Møre og Romsdal,Volda,62°04′35″N 6°05′03″E﻿ / ﻿62.0765°N 6.0843°E
"Kilsfjord, Telemark",7 km (4.3 mi),Telemark,Kragerø,58°51′29″N 9°19′48″E﻿ / ﻿58.8580°N 9.3301°E
Kobbefjorden,3.5 km (2.2 mi),Svalbard,Danes Island,79°41′40″N 10°49′08″E﻿ / ﻿79.6945°N 10.8189°E
Kongsfjorden,26 km (16 mi),Svalbard,Spitsbergen,78°57′54″N 11°51′25″E﻿ / ﻿78.9651°N 11.8569°E
Kornstadfjord,9 km (5.6 mi),Møre og Romsdal,"Averøy, Eide",62°57′59″N 7°24′40″E﻿ / ﻿62.9665°N 7.4112°E
Krossfjorden,30 km (19 mi),Svalbard,Spitsbergen,79°07′21″N 11°40′47″E﻿ / ﻿79.1225°N 11.6797°E
Kurefjorden,5 km (3.1 mi),Østfold,"Rygge, Råde",59°19′47″N 10°44′18″E﻿ / ﻿59.3297°N 10.7384°E
Kvernesfjord,22 km (14 mi),Møre og Romsdal,"Averøy, Eide, Gjemnes, Kristiansund",63°02′52″N 7°40′56″E﻿ / ﻿63.0477°N 7.6822°E
Kvitsøyfjord,9 km (5.6 mi),Rogaland,"Kvitsøy, Randaberg, Rennesøy",59°04′15″N 5°33′47″E﻿ / ﻿59.0707°N 5.5630°E
Kvænangen,117 km (73 mi),Troms,"Kvænangen, Skjervøy",69°44′46″N 22°05′18″E﻿ / ﻿69.7462°N 22.0883°E
Kvåsefjorden,8 km (5.0 mi),"Aust-Agder, Vest-Agder","Kristiansand, Lillesand",58°08′18″N 8°11′23″E﻿ / ﻿58.1384°N 8.1896°E
Kåfjorden,8 km (5.0 mi),Finnmark,Alta,69°56′07″N 23°02′43″E﻿ / ﻿69.9353°N 23.0454°E
Laksefjord,72 km (45 mi),Finnmark,Lebesby,70°28′24″N 26°37′18″E﻿ / ﻿70.4732°N 26.6218°E
Langangsfjord,6 km (3.7 mi),Telemark,Porsgrunn,59°02′09″N 9°47′19″E﻿ / ﻿59.0359°N 9.7885°E
Langfjorden,35 km (22 mi),Møre og Romsdal,"Molde, Nesset, Rauma",62°38′28″N 7°24′57″E﻿ / ﻿62.6411°N 7.4159°E
Lavangen,16 km (9.9 mi),Troms,Lavangen,68°47′52″N 17°35′26″E﻿ / ﻿68.7979°N 17.5905°E
Leirfjorden,20 km (12 mi),Nordland,"Leirfjord, Alstahaug",66°01′47″N 12°41′05″E﻿ / ﻿66.0297°N 12.6847°E
Liefdefjorden,30 km (19 mi),Svalbard,Spitsbergen,79°36′11″N 12°52′44″E﻿ / ﻿79.6031°N 12.8789°E
Lille Kufjorden,2 km (1.2 mi),Finnmark,Alta,70°21′11″N 22°58′13″E﻿ / ﻿70.3530°N 22.9704°E
Listafjord,10 km (6.2 mi),Vest-Agder,"Farsund, Flekkefjord",58°11′39″N 6°36′49″E﻿ / ﻿58.1943°N 6.6137°E
Lomfjorden,35 km (22 mi),Svalbard,Spitsbergen,79°30′53″N 17°53′43″E﻿ / ﻿79.5148°N 17.8953°E
Lustrafjorden,40 km (25 mi),Sogn og Fjordane,Luster,61°14′27″N 7°22′26″E﻿ / ﻿61.2409°N 7.3738°E
Lyngenfjorden,121 km (75 mi),Troms,"Kåfjord, Lyngen, Nordreisa, Skjervøy, Storfjord",69°46′47″N 20°22′58″E﻿ / ﻿69.7797°N 20.3827°E
Lysakerfjorden,3 km (1.9 mi),"Akershus, Oslo","Bærum, Oslo",59°54′10″N 10°38′48″E﻿ / ﻿59.9029°N 10.6466°E
Lysefjorden,42 km (26 mi),Rogaland,Forsand,58°56′26″N 6°07′13″E﻿ / ﻿58.9405°N 6.1202°E
Magdalenefjorden,8 km (5.0 mi),Svalbard,Spitsbergen,79°33′55″N 10°52′32″E﻿ / ﻿79.5652°N 10.8756°E
Malangen,60 km (37 mi),Troms,"Balsfjord, Lenvik, Målselv, Tromsø",69°25′02″N 18°25′38″E﻿ / ﻿69.4171°N 18.4273°E
Maurangerfjord,12 km (7.5 mi),Hordaland,Kvinnherad,60°06′33″N 6°11′08″E﻿ / ﻿60.1093°N 6.1855°E
Mefjorden,8 km (5.0 mi),Vestfold,Sandefjord,59°07′19″N 10°15′58″E﻿ / ﻿59.1219°N 10.2662°E
Melfjorden,32 km (20 mi),Nordland,Rødøy,66°30′56″N 13°40′43″E﻿ / ﻿66.5156°N 13.6786°E
Meløyfjorden,10 km (6.2 mi),Nordland,Meløy,66°47′23″N 13°17′45″E﻿ / ﻿66.7896°N 13.2957°E
Midtgulen,5.5 km (3.4 mi),Sogn og Fjordane,Bremanger,61°43′42″N 5°10′31″E﻿ / ﻿61.7284°N 5.1752°E
Moldefjord,20 km (12 mi),Møre og Romsdal,Molde,62°42′01″N 7°01′32″E﻿ / ﻿62.7003°N 7.0255°E
Namsfjorden,35 km (22 mi),Trøndelag,"Flatanger, Namdalseid, Namsos",64°29′54″N 11°11′50″E﻿ / ﻿64.4984°N 11.1973°E
"Norddalsfjorden, Sogn og Fjordane",17 km (11 mi),Sogn og Fjordane,Flora,61°37′25″N 5°09′27″E﻿ / ﻿61.6235°N 5.1574°E
"Norddalsfjorden, Møre og Romsdal",16 km (9.9 mi),Møre og Romsdal,"Norddal, Stranda",62°16′40″N 7°13′24″E﻿ / ﻿62.2779°N 7.2234°E
Nordefjorden,1.5 km (0.93 mi),Finnmark,Hammerfest,70°28′55″N 22°57′44″E﻿ / ﻿70.4819°N 22.9621°E
"Nordfjorden, Aust-Agder",7 km (4.3 mi),Aust-Agder,Risør,58°44′35″N 9°07′47″E﻿ / ﻿58.7431°N 9.1297°E
"Nordfjorden, Sogn og Fjordane",106 km (66 mi),Sogn og Fjordane,"Bremanger, Eid, Gloppen, Hornindal, Stryn, Vågsøy",61°53′47″N 5°16′33″E﻿ / ﻿61.8963°N 5.2759°E
Nordgulfjorden,4 km (2.5 mi),Sogn og Fjordane,Gulen,60°59′28″N 5°10′24″E﻿ / ﻿60.9912°N 5.1734°E
Nærøyfjord,18 km (11 mi),Sogn og Fjordane,Aurland,60°53′42″N 6°51′34″E﻿ / ﻿60.8949°N 6.8595°E
Ofotfjord,78 km (48 mi),Nordland,"Ballangen, Evenes, Lødingen, Narvik, Tjeldsund",68°25′45″N 16°28′58″E﻿ / ﻿68.4292°N 16.4827°E
Ombofjord,5.5 km (3.4 mi),Rogaland,Finnøy,59°13′56″N 5°54′39″E﻿ / ﻿59.2321°N 5.9108°E
Orkdalsfjorden,17 km (11 mi),Trøndelag,"Orkdal, Skaun, Trondheim",63°20′53″N 9°55′44″E﻿ / ﻿63.3481°N 9.9288°E
Ormefjord,5 km (3.1 mi),Telemark,Porsgrunn,59°02′29″N 9°45′12″E﻿ / ﻿59.0413°N 9.7532°E
Osafjord,12 km (7.5 mi),Hordaland,Ulvik,60°30′40″N 6°55′39″E﻿ / ﻿60.5111°N 6.9276°E
Oslofjord,100 km (62 mi),"Akershus, Buskerud, Vestfold, Østfold",Tjøme—Oslo,59°12′54″N 10°38′11″E﻿ / ﻿59.2150°N 10.6363°E
Osterfjorden,27 km (17 mi),Hordaland,"Lindås, Osterøy",60°32′41″N 5°19′05″E﻿ / ﻿60.5446°N 5.3180°E
Porsangerfjorden,123 km (76 mi),Finnmark,"Nordkapp, Porsanger",70°11′54″N 25°04′33″E﻿ / ﻿70.1983°N 25.0758°E
Puddefjorden,3.5 km (2.2 mi),Hordaland,Bergen,60°23′32″N 5°17′54″E﻿ / ﻿60.3921°N 5.2982°E
Ranfjorden,68 km (42 mi),Nordland,"Dønna, Hemnes, Leirfjord, Nesna, Vefsn",66°08′08″N 12°50′32″E﻿ / ﻿66.1356°N 12.8422°E
Raudfjorden,20 km (12 mi),Svalbard,Spitsbergen,79°44′59″N 12°03′12″E﻿ / ﻿79.7498°N 12.0534°E
Recherchefjorden,7 km (4.3 mi),Svalbard,Spitsbergen,77°31′05″N 14°39′30″E﻿ / ﻿77.5181°N 14.6582°E
Revsbotn,20 km (12 mi),Finnmark,"Kvalsund, Måsøy",70°42′09″N 24°27′16″E﻿ / ﻿70.7026°N 24.4544°E
Rijpfjorden,40 km (25 mi),Svalbard,Nordaustlandet,80°12′27″N 22°06′34″E﻿ / ﻿80.2075°N 22.1094°E
Rombaken,20 km (12 mi),Nordland,Narvik,68°27′34″N 17°35′20″E﻿ / ﻿68.4595°N 17.5888°E
Romsdalsfjord,88 km (55 mi),Møre og Romsdal,"Haram, Midsund, Molde, Nesset, Rauma, Vestnes",62°33′13″N 7°26′02″E﻿ / ﻿62.5536°N 7.4338°E
Rosfjorden,12 km (7.5 mi),Vest-Agder,Lyngdal,58°04′06″N 6°59′32″E﻿ / ﻿58.0683°N 6.9921°E
Rovdefjord,13 km (8.1 mi),Møre og Romsdal,"Vanylven, Sande, Herøy, Ulstein, Volda",62°11′06″N 5°33′21″E﻿ / ﻿62.1849°N 5.5559°E
Sagfjorden,29 km (18 mi),Nordland,"Hamarøy, Steigen",67°57′23″N 15°30′06″E﻿ / ﻿67.9564°N 15.5016°E
Salhusfjorden,4 km (2.5 mi),Hordaland,"Bergen, Meland",60°30′37″N 5°15′20″E﻿ / ﻿60.5104°N 5.2556°E
Sandefjordsfjord,9 km (5.6 mi),Vestfold,Sandefjord,59°04′00″N 10°14′43″E﻿ / ﻿59.0667°N 10.2454°E
Sandeidsfjord,9 km (5.6 mi),Rogaland,Vindafjord,59°30′32″N 5°51′03″E﻿ / ﻿59.5089°N 5.8508°E
Sandnesfjorden,10 km (6.2 mi),Aust-Agder,Risør,58°41′36″N 9°07′51″E﻿ / ﻿58.6932°N 09.1309°E
Sandsfjord,25 km (16 mi),Rogaland,Suldal,59°27′37″N 6°12′54″E﻿ / ﻿59.4604°N 6.2151°E
Sassenfjorden,15 km (9.3 mi),Svalbard,Spitsbergen,78°22′36″N 16°25′21″E﻿ / ﻿78.3767°N 16.4225°E
Saudafjord,16 km (9.9 mi),Rogaland,"Sauda, Suldal",59°37′27″N 6°18′39″E﻿ / ﻿59.6242°N 6.3109°E
Selbjørnsfjorden,20 km (12 mi),Hordaland,"Austevoll, Bømlo, Stord",59°57′03″N 5°01′44″E﻿ / ﻿59.9508°N 5.0289°E
Sjona,26 km (16 mi),Nordland,"Lurøy, Nesna, Rana",66°18′12″N 13°17′17″E﻿ / ﻿66.3032°N 13.2881°E
Skjerstadfjorden,32 km (20 mi),Nordland,"Bodø, Fauske",67°13′43″N 15°10′54″E﻿ / ﻿67.2286°N 15.1816°E
Skjoldafjord,15 km (9.3 mi),Rogaland,"Tysvær, Vindafjord",59°29′39″N 5°34′40″E﻿ / ﻿59.4943°N 5.5778°E
Skjomen,24 km (15 mi),Nordland,Narvik,68°18′14″N 17°17′28″E﻿ / ﻿68.3039°N 17.2912°E
Skudenesfjord,15 km (9.3 mi),Rogaland,"Bokn, Karmøy, Kvitsøy",59°07′02″N 5°15′22″E﻿ / ﻿59.1172°N 5.2561°E
Skånevikfjorden,15 km (9.3 mi),"Hordaland, Rogaland","Etne, Kvinnherad, Vindafjord",59°43′36″N 5°47′48″E﻿ / ﻿59.7266°N 5.7967°E
Snigsfjorden,3 km (1.9 mi),Vest-Agder,Lindesnes,58°02′50″N 7°16′22″E﻿ / ﻿58.0471°N 7.2728°E
Snillfjorden,14 km (8.7 mi),Trøndelag,Snillfjord,63°22′08″N 9°21′34″E﻿ / ﻿63.3690°N 9.3595°E
Sognefjord,205 km (127 mi),Sogn og Fjordane,Luster—Solund,61°09′31″N 7°13′35″E﻿ / ﻿61.1586°N 7.2263°E
Solbergfjord,27 km (17 mi),Troms,"Dyrøy, Lenvik, Sørreisa, Tranøy",69°08′24″N 17°39′36″E﻿ / ﻿69.1401°N 17.6599°E
Stavfjord,18 km (11 mi),Sogn og Fjordane,"Askvoll, Flora",61°27′37″N 5°00′49″E﻿ / ﻿61.4604°N 5.0135°E
Stjørnfjord,20 km (12 mi),Trøndelag,"Bjugn, Indre Fosen, Ørland",63°42′36″N 9°51′50″E﻿ / ﻿63.7101°N 9.8638°E
"Storfjorden, Møre og Romsdal",110 km (68 mi),Møre og Romsdal,Hareid—Stranda,62°23′50″N 6°54′23″E﻿ / ﻿62.3973°N 6.9064°E
"Storfjorden, Svalbard",132 km (82 mi),Svalbard,Spitsbergen,77°49′27″N 19°40′50″E﻿ / ﻿77.8241°N 19.6806°E
"Storfjorden, Troms",17 km (11 mi),Troms,Lyngen,69°21′12″N 20°02′11″E﻿ / ﻿69.3533°N 20.0365°E
Sulafjorden,9 km (5.6 mi),Møre og Romsdal,"Hareid, Sula",62°22′24″N 6°08′05″E﻿ / ﻿62.3732°N 6.1347°E
Sunndalsfjord,17 km (11 mi),Møre og Romsdal,Sunndal,62°47′20″N 8°19′43″E﻿ / ﻿62.7889°N 8.3285°E
Sunnylvsfjorden,25 km (16 mi),Møre og Romsdal,Stranda,62°13′27″N 7°02′21″E﻿ / ﻿62.2242°N 7.0392°E
Sykkylvsfjorden,10 km (6.2 mi),Møre og Romsdal,Sykkylven,62°22′10″N 6°33′27″E﻿ / ﻿62.3695°N 6.5575°E
Syvdsfjorden,10 km (6.2 mi),Møre og Romsdal,Vanylven,62°05′30″N 5°43′47″E﻿ / ﻿62.0918°N 5.7296°E
Søndeledfjorden,15 km (9.3 mi),Aust-Agder,Risør,58°45′19″N 9°04′15″E﻿ / ﻿58.7553°N 09.0709°E
"Sørfjorden, Finnmark",4.5 km (2.8 mi),Finnmark,Hasvik,70°20′36″N 22°27′49″E﻿ / ﻿70.3434°N 22.4635°E
"Sørfjorden, Hordaland",40 km (25 mi),Hordaland,"Odda, Ullensvang",60°11′02″N 6°34′16″E﻿ / ﻿60.1839°N 6.5711°E
"Sørfjorden, Hordaland",30 km (19 mi),Hordaland,"Osterøy, Vaksdal",60°31′29″N 5°42′41″E﻿ / ﻿60.5247°N 5.7115°E
Sørgul,4 km (2.5 mi),Sogn og Fjordane,Bremanger,61°43′22″N 5°06′30″E﻿ / ﻿61.7227°N 5.1084°E
Tafjorden,12 km (7.5 mi),Møre og Romsdal,Norddal,62°17′16″N 7°20′38″E﻿ / ﻿62.2877°N 7.3438°E
Talgjefjord,13 km (8.1 mi),Rogaland,"Finnøy, Rennesøy",59°07′12″N 5°51′09″E﻿ / ﻿59.1200°N 5.8525°E
Tanafjord,70 km (43 mi),Finnmark,"Gamvik, Berlevåg, Tana",70°52′57″N 28°30′28″E﻿ / ﻿70.8824°N 28.5078°E
Tempelfjorden,15 km (9.3 mi),Svalbard,Spitsbergen,78°24′09″N 17°02′27″E﻿ / ﻿78.4024°N 17.0409°E
Tingvollfjorden,54 km (34 mi),Møre og Romsdal,"Gjemnes, Nesset, Sunndal, Tingvoll",62°48′22″N 8°16′04″E﻿ / ﻿62.8062°N 8.2677°E
Tjongsfjorden,17 km (11 mi),Nordland,Rødøy,66°40′53″N 13°21′35″E﻿ / ﻿66.6815°N 13.3597°E
Tjuvfjorden,45 km (28 mi),Svalbard,Edgeøya,77°28′21″N 22°17′22″E﻿ / ﻿77.4725°N 22.2894°E
Tomrefjorden,9 km (5.6 mi),Møre og Romsdal,Vestnes,62°37′25″N 6°54′06″E﻿ / ﻿62.6235°N 6.9017°E
Topdalsfjorden,11 km (6.8 mi),Vest-Agder,Kristiansand,58°09′24″N 8°02′49″E﻿ / ﻿58.1566°N 8.0469°E
Tresfjorden,12 km (7.5 mi),Møre og Romsdal,Vestnes,62°35′09″N 7°07′33″E﻿ / ﻿62.5858°N 7.1257°E
Trollfjord,2 km (1.2 mi),Nordland,Hadsel,68°21′46″N 14°56′10″E﻿ / ﻿68.3628°N 14.9361°E
Trondheimsfjord,130 km (81 mi),Trøndelag,Agdenes—Steinkjer,63°49′09″N 11°06′28″E﻿ / ﻿63.8192°N 11.1078°E
Trongfjord,4 km (2.5 mi),Møre og Romsdal,"Surnadal, Tingvoll",62°58′54″N 8°18′48″E﻿ / ﻿62.9818°N 8.3132°E
Trænfjorden,25 km (16 mi),Nordland,"Lurøy, Træna",66°25′06″N 12°08′01″E﻿ / ﻿66.4184°N 12.1335°E
Tysfjorden,59 km (37 mi),Nordland,Tysfjord,68°11′06″N 16°10′42″E﻿ / ﻿68.1851°N 16.1784°E
Tyssefjord,4 km (2.5 mi),Rogaland,Suldal,59°22′29″N 6°13′19″E﻿ / ﻿59.3747°N 6.2220°E
"Ullsfjord, Finnmark",5.5 km (3.4 mi),Finnmark,Loppa,70°17′35″N 21°58′23″E﻿ / ﻿70.2930°N 21.9730°E
"Ullsfjord, Troms",110 km (68 mi),Troms,"Lyngen, Tromsø",69°42′17″N 19°43′14″E﻿ / ﻿69.7047°N 19.7206°E
Valsøyfjorden,8 km (5.0 mi),Møre og Romsdal,Halsa,63°07′16″N 8°35′47″E﻿ / ﻿63.1212°N 8.5965°E
Van Keulenfjorden,30 km (19 mi),Svalbard,Spitsbergen,77°33′28″N 15°25′42″E﻿ / ﻿77.5578°N 15.4283°E
Van Mijenfjorden,83 km (52 mi),Svalbard,Spitsbergen,77°46′48″N 15°24′31″E﻿ / ﻿77.7800°N 15.4087°E
Vanylvsfjorden,30 km (19 mi),"Møre og Romsdal, Sogn og Fjordane","Vanylven, Selje, Sande",62°05′40″N 5°33′47″E﻿ / ﻿62.0944°N 5.563°E
Varangerfjord,100 km (62 mi),Finnmark,"Nesseby, Sør-Varanger, Vadsø, Vardø",70°05′28″N 29°00′33″E﻿ / ﻿70.0911°N 29.0091°E
Vartdalsfjord,20 km (12 mi),Møre og Romsdal,"Hareid, Ulstein, Ørsta",62°18′43″N 6°03′23″E﻿ / ﻿62.3120°N 6.0565°E
Vatsfjord,5 km (3.1 mi),Rogaland,Vindafjord,59°28′02″N 5°44′25″E﻿ / ﻿59.4671°N 5.7404°E
Vefsnfjorden,51 km (32 mi),Nordland,"Alstahaug, Leirfjord, Vefsn",65°54′17″N 12°36′38″E﻿ / ﻿65.9047°N 12.6106°E
Vegafjorden,22 km (14 mi),Nordland,"Brønnøy, Vega",65°28′43″N 11°47′25″E﻿ / ﻿65.4786°N 11.7903°E
Velfjorden,31 km (19 mi),Nordland,"Brønnøy, Vevelstad",65°32′39″N 12°20′20″E﻿ / ﻿65.5442°N 12.3389°E
Vestfjorden,155 km (96 mi),Nordland,Værøy—Ballangen,67°38′27″N 12°55′09″E﻿ / ﻿67.6407°N 12.9192°E
"Vestfjorden, Nordkapp",155 km (96 mi),Finnmark,Nordkapp,71°07′31″N 25°47′39″E﻿ / ﻿71.1253°N 25.7943°E
Vetlefjorden,6 km (3.7 mi),Sogn og Fjordane,Balestrand,61°16′19″N 6°33′05″E﻿ / ﻿61.2720°N 6.5515°E
Vindafjorden,18 km (11 mi),Rogaland,"Suldal, Tysvær, Vindafjord",59°27′40″N 6°01′29″E﻿ / ﻿59.4612°N 6.0247°E
Vinjefjorden,53 km (33 mi),"Møre og Romsdal, Trøndelag","Aure, Halsa, Hemne, Kristiansund, Tingvoll",63°10′23″N 8°33′51″E﻿ / ﻿63.1730°N 8.5643°E
Voldsfjorden,18 km (11 mi),Møre og Romsdal,Volda,62°12′37″N 5°51′34″E﻿ / ﻿62.2102°N 5.8594°E
Værangfjorden,15 km (9.3 mi),Nordland,Rødøy,66°35′12″N 13°11′02″E﻿ / ﻿66.5867°N 13.1839°E
Wahlenbergfjorden,46 km (29 mi),Svalbard,Spitsbergen,79°44′39″N 20°46′38″E﻿ / ﻿79.7443°N 20.7771°E
Wijdefjorden,108 km (67 mi),Svalbard,Spitsbergen,79°37′44″N 15°27′00″E﻿ / ﻿79.6289°N 15.4500°E
Woodfjorden,64 km (40 mi),Svalbard,Spitsbergen,79°44′18″N 14°05′20″E﻿ / ﻿79.7384°N 14.0890°E
Yrkefjorden,12 km (7.5 mi),Rogaland,"Tysvær, Vindafjord",59°24′43″N 5°42′55″E﻿ / ﻿59.4120°N 5.7153°E
Ytre Oslofjord,67 km (42 mi),"Buskerud, Vestfold, Østfold",Tjøme—Hurum,59°20′02″N 10°33′43″E﻿ / ﻿59.3338°N 10.5620°E
"Øksfjord, Finnmark",23 km (14 mi),Finnmark,Loppa,70°11′17″N 22°17′49″E﻿ / ﻿70.1880°N 22.2969°E
"Øksfjord, Nordland",24 km (15 mi),Nordland,Lødingen,68°22′41″N 15°19′17″E﻿ / ﻿68.3781°N 15.3215°E
Økstrafjorden,6 km (3.7 mi),Rogaland,Suldal,59°21′03″N 6°05′42″E﻿ / ﻿59.3507°N 6.0950°E
Åfjorden,67 km (42 mi),Trøndelag,Åfjord,63°55′08″N 10°04′26″E﻿ / ﻿63.9190°N 10.0739°E
Åkrafjorden,32 km (20 mi),Hordaland,"Etne, Kvinnherad",59°44′51″N 5°59′54″E﻿ / ﻿59.7476°N 5.9983°E
Åmøyfjord,4 km (2.5 mi),Rogaland,"Rennesøy, Stavanger",59°01′13″N 5°41′33″E﻿ / ﻿59.0204°N 5.6925°E
Årdalsfjord,16 km (9.9 mi),Sogn og Fjordane,Årdal,61°13′37″N 7°41′00″E﻿ / ﻿61.2270°N 7.6834°E
